-3.141592653589793,0.000000000000000
-3.135303178807832,-0.006289433316068
-3.129013704025870,-0.012578617838741
-3.122724229243909,-0.018867304784467
-3.116434754461947,-0.025155245389376
-3.110145279679985,-0.031442190919121
-3.103855804898024,-0.037727892678717
-3.097566330116062,-0.044012102022382
-3.091276855334101,-0.050294570363366
-3.084987380552139,-0.056575049183792
-3.078697905770178,-0.062853290044482
-3.072408430988216,-0.069129044594785
-3.066118956206255,-0.075402064582402
-3.059829481424293,-0.081672101863207
-3.053540006642332,-0.087938908411061
-3.047250531860370,-0.094202236327626
-3.040961057078408,-0.100461837852168
-3.034671582296447,-0.106717465371359
-3.028382107514485,-0.112968871429073
-3.022092632732524,-0.119215808736173
-3.015803157950562,-0.125458030180296
-3.009513683168601,-0.131695288835624
-3.003224208386639,-0.137927337972654
-2.996934733604678,-0.144153931067958
-2.990645258822716,-0.150374821813937
-2.984355784040755,-0.156589764128558
-2.978066309258793,-0.162798512165094
-2.971776834476831,-0.169000820321849
-2.965487359694870,-0.175196443251869
-2.959197884912908,-0.181385135872651
-2.952908410130947,-0.187566653375837
-2.946618935348985,-0.193740751236898
-2.940329460567024,-0.199907185224805
-2.934039985785062,-0.206065711411693
-2.927750511003101,-0.212216086182508
-2.921461036221139,-0.218358066244645
-2.915171561439178,-0.224491408637573
-2.908882086657216,-0.230615870742440
-2.902592611875254,-0.236731210291680
-2.896303137093293,-0.242837185378587
-2.890013662311331,-0.248933554466892
-2.883724187529370,-0.255020076400310
-2.877434712747408,-0.261096510412088
-2.871145237965447,-0.267162616134521
-2.864855763183485,-0.273218153608466
-2.858566288401524,-0.279262883292830
-2.852276813619562,-0.285296566074050
-2.845987338837600,-0.291318963275547
-2.839697864055639,-0.297329836667172
-2.833408389273677,-0.303328948474627
-2.827118914491716,-0.309316061388869
-2.820829439709754,-0.315290938575502
-2.814539964927793,-0.321253343684144
-2.808250490145831,-0.327203040857772
-2.801961015363870,-0.333139794742058
-2.795671540581908,-0.339063370494675
-2.789382065799947,-0.344973533794591
-2.783092591017985,-0.350870050851331
-2.776803116236023,-0.356752688414232
-2.770513641454062,-0.362621213781667
-2.764224166672100,-0.368475394810250
-2.757934691890139,-0.374314999924019
-2.751645217108177,-0.380139798123597
-2.745355742326216,-0.385949558995329
-2.739066267544254,-0.391744052720397
-2.732776792762293,-0.397523050083913
-2.726487317980331,-0.403286322483981
-2.720197843198370,-0.409033641940746
-2.713908368416408,-0.414764781105407
-2.707618893634446,-0.420479513269214
-2.701329418852485,-0.426177612372435
-2.695039944070523,-0.431858853013297
-2.688750469288562,-0.437523010456904
-2.682460994506600,-0.443169860644126
-2.676171519724639,-0.448799180200462
-2.669882044942677,-0.454410746444877
-2.663592570160716,-0.460004337398611
-2.657303095378754,-0.465579731793957
-2.651013620596792,-0.471136709083018
-2.644724145814831,-0.476675049446427
-2.638434671032869,-0.482194533802048
-2.632145196250908,-0.487694943813635
-2.625855721468946,-0.493176061899474
-2.619566246686985,-0.498637671240992
-2.613276771905023,-0.504079555791325
-2.606987297123062,-0.509501500283873
-2.600697822341100,-0.514903290240813
-2.594408347559139,-0.520284711981579
-2.588118872777177,-0.525645552631321
-2.581829397995215,-0.530985600129320
-2.575539923213254,-0.536304643237382
-2.569250448431292,-0.541602471548190
-2.562960973649331,-0.546878875493627
-2.556671498867369,-0.552133646353070
-2.550382024085408,-0.557366576261642
-2.544092549303446,-0.562577458218437
-2.537803074521485,-0.567766086094708
-2.531513599739523,-0.572932254642020
-2.525224124957562,-0.578075759500371
-2.518934650175600,-0.583196397206273
-2.512645175393638,-0.588293965200805
-2.506355700611677,-0.593368261837620
-2.500066225829715,-0.598419086390927
-2.493776751047754,-0.603446239063426
-2.487487276265792,-0.608449520994217
-2.481197801483831,-0.613428734266662
-2.474908326701869,-0.618383681916215
-2.468618851919908,-0.623314167938217
-2.462329377137946,-0.628219997295642
-2.456039902355985,-0.633100975926821
-2.449750427574023,-0.637956910753112
-2.443460952792061,-0.642787609686539
-2.437171478010100,-0.647592881637394
-2.430882003228138,-0.652372536521791
-2.424592528446177,-0.657126385269189
-2.418303053664215,-0.661854239829868
-2.412013578882254,-0.666555913182372
-2.405724104100292,-0.671231219340903
-2.399434629318331,-0.675879973362679
-2.393145154536369,-0.680501991355252
-2.386855679754407,-0.685097090483781
-2.380566204972446,-0.689665088978262
-2.374276730190484,-0.694205806140723
-2.367987255408523,-0.698719062352367
-2.361697780626561,-0.703204679080684
-2.355408305844600,-0.707662478886504
-2.349118831062638,-0.712092285431025
-2.342829356280677,-0.716493923482783
-2.336539881498715,-0.720867218924585
-2.330250406716754,-0.725211998760397
-2.323960931934792,-0.729528091122188
-2.317671457152830,-0.733815325276728
-2.311381982370869,-0.738073531632339
-2.305092507588907,-0.742302541745609
-2.298803032806946,-0.746502188328052
-2.292513558024984,-0.750672305252724
-2.286224083243023,-0.754812727560799
-2.279934608461061,-0.758923291468089
-2.273645133679100,-0.763003834371527
-2.267355658897138,-0.767054194855599
-2.261066184115177,-0.771074212698725
-2.254776709333215,-0.775063728879602
-2.248487234551253,-0.779022585583491
-2.242197759769292,-0.782950626208463
-2.235908284987330,-0.786847695371590
-2.229618810205369,-0.790713638915094
-2.223329335423407,-0.794548303912444
-2.217039860641446,-0.798351538674406
-2.210750385859484,-0.802123192755044
-2.204460911077523,-0.805863116957669
-2.198171436295561,-0.809571163340744
-2.191881961513599,-0.813247185223733
-2.185592486731638,-0.816891037192905
-2.179303011949676,-0.820502575107087
-2.173013537167715,-0.824081656103364
-2.166724062385753,-0.827628138602731
-2.160434587603792,-0.831141882315694
-2.154145112821830,-0.834622748247817
-2.147855638039869,-0.838070598705226
-2.141566163257907,-0.841485297300050
-2.135276688475946,-0.844866708955818
-2.128987213693984,-0.848214699912802
-2.122697738912022,-0.851529137733311
-2.116408264130061,-0.854809891306926
-2.110118789348099,-0.858056830855688
-2.103829314566138,-0.861269827939231
-2.097539839784176,-0.864448755459865
-2.091250365002215,-0.867593487667601
-2.084960890220253,-0.870703900165128
-2.078671415438292,-0.873779869912729
-2.072381940656330,-0.876821275233154
-2.066092465874369,-0.879827995816429
-2.059802991092407,-0.882799912724620
-2.053513516310445,-0.885736908396529
-2.047224041528484,-0.888638866652356
-2.040934566746522,-0.891505672698284
-2.034645091964561,-0.894337213131027
-2.028355617182599,-0.897133375942314
-2.022066142400638,-0.899894050523318
-2.015776667618676,-0.902619127669034
-2.009487192836715,-0.905308499582597
-2.003197718054753,-0.907962059879546
-1.996908243272791,-0.910579703592036
-1.990618768490830,-0.913161327172983
-1.984329293708868,-0.915706828500169
-1.978039818926907,-0.918216106880274
-1.971750344144945,-0.920689063052863
-1.965460869362984,-0.923125599194312
-1.959171394581022,-0.925525618921678
-1.952881919799061,-0.927889027296509
-1.946592445017099,-0.930215730828604
-1.940302970235138,-0.932505637479707
-1.934013495453176,-0.934758656667151
-1.927724020671214,-0.936974699267438
-1.921434545889253,-0.939153677619768
-1.915145071107291,-0.941295505529503
-1.908855596325330,-0.943400098271581
-1.902566121543368,-0.945467372593863
-1.896276646761407,-0.947497246720430
-1.889987171979445,-0.949489640354813
-1.883697697197484,-0.951444474683177
-1.877408222415522,-0.953361672377429
-1.871118747633561,-0.955241157598287
-1.864829272851599,-0.957082855998271
-1.858539798069637,-0.958886694724650
-1.852250323287676,-0.960652602422321
-1.845960848505714,-0.962380509236633
-1.839671373723753,-0.964070346816151
-1.833381898941791,-0.965722048315355
-1.827092424159830,-0.967335548397290
-1.820802949377868,-0.968910783236150
-1.814513474595907,-0.970447690519797
-1.808223999813945,-0.971946209452234
-1.801934525031984,-0.973406280756003
-1.795645050250022,-0.974827846674534
-1.789355575468060,-0.976210850974430
-1.783066100686099,-0.977555238947686
-1.776776625904137,-0.978860957413861
-1.770487151122176,-0.980127954722177
-1.764197676340214,-0.981356180753560
-1.757908201558253,-0.982545586922628
-1.751618726776291,-0.983696126179610
-1.745329251994330,-0.984807753012208
-1.739039777212368,-0.985880423447396
-1.732750302430406,-0.986914095053160
-1.726460827648445,-0.987908726940178
-1.720171352866483,-0.988864279763436
-1.713881878084522,-0.989780715723783
-1.707592403302560,-0.990657998569432
-1.701302928520599,-0.991496093597385
-1.695013453738637,-0.992294967654814
-1.688723978956676,-0.993054589140368
-1.682434504174714,-0.993774928005424
-1.676145029392753,-0.994455955755278
-1.669855554610791,-0.995097645450266
-1.663566079828829,-0.995699971706838
-1.657276605046868,-0.996262910698554
-1.650987130264906,-0.996786440157034
-1.644697655482945,-0.997270539372833
-1.638408180700983,-0.997715189196261
-1.632118705919022,-0.998120372038146
-1.625829231137060,-0.998486071870522
-1.619539756355099,-0.998812274227269
-1.613250281573137,-0.999098966204681
-1.606960806791176,-0.999346136461981
-1.600671332009214,-0.999553775221764
-1.594381857227252,-0.999721874270389
-1.588092382445291,-0.999850426958300
-1.581802907663329,-0.999939428200294
-1.575513432881368,-0.999988874475714
-1.569223958099406,-0.999998763828597
-1.562934483317445,-0.999969095867747
-1.556645008535483,-0.999899871766749
-1.550355533753522,-0.999791094263926
-1.544066058971560,-0.999642767662230
-1.537776584189598,-0.999454897829069
-1.531487109407637,-0.999227492196079
-1.525197634625675,-0.998960559758827
-1.518908159843714,-0.998654111076456
-1.512618685061752,-0.998308158271268
-1.506329210279791,-0.997922715028243
-1.500039735497829,-0.997497796594500
-1.493750260715868,-0.997033419778690
-1.487460785933906,-0.996529602950337
-1.481171311151945,-0.995986366039104
-1.474881836369983,-0.995403730534013
-1.468592361588021,-0.994781719482585
-1.462302886806060,-0.994120357489939
-1.456013412024098,-0.993419670717811
-1.449723937242137,-0.992679686883520
-1.443434462460175,-0.991900435258877
-1.437144987678214,-0.991081946669020
-1.430855512896252,-0.990224253491199
-1.424566038114291,-0.989327389653494
-1.418276563332329,-0.988391390633473
-1.411987088550368,-0.987416293456789
-1.405697613768406,-0.986402136695715
-1.399408138986444,-0.985348960467616
-1.393118664204483,-0.984256806433369
-1.386829189422521,-0.983125717795704
-1.380539714640560,-0.981955739297507
-1.374250239858598,-0.980746917220040
-1.367960765076637,-0.979499299381116
-1.361671290294675,-0.978212935133208
-1.355381815512714,-0.976887875361493
-1.349092340730752,-0.975524172481839
-1.342802865948791,-0.974121880438736
-1.336513391166829,-0.972681054703160
-1.330223916384867,-0.971201752270376
-1.323934441602906,-0.969684031657688
-1.317644966820944,-0.968127952902119
-1.311355492038983,-0.966533577558041
-1.305066017257021,-0.964900968694739
-1.298776542475060,-0.963230190893913
-1.292487067693098,-0.961521310247125
-1.286197592911137,-0.959774394353189
-1.279908118129175,-0.957989512315489
-1.273618643347213,-0.956166734739251
-1.267329168565252,-0.954306133728749
-1.261039693783290,-0.952407782884451
-1.254750219001329,-0.950471757300112
-1.248460744219367,-0.948498133559795
-1.242171269437406,-0.946486989734852
-1.235881794655444,-0.944438405380829
-1.229592319873483,-0.942352461534319
-1.223302845091521,-0.940229240709759
-1.217013370309560,-0.938068826896166
-1.210723895527598,-0.935871305553812
-1.204434420745636,-0.933636763610846
-1.198144945963675,-0.931365289459854
-1.191855471181713,-0.929056972954363
-1.185565996399752,-0.926711905405285
-1.179276521617790,-0.924330179577308
-1.172987046835829,-0.921911889685225
-1.166697572053867,-0.919457131390205
-1.160408097271906,-0.916966001796013
-1.154118622489944,-0.914438599445166
-1.147829147707983,-0.911875024315034
-1.141539672926021,-0.909275377813888
-1.135250198144059,-0.906639762776889
-1.128960723362098,-0.903968283462016
-1.122671248580136,-0.901261045545945
-1.116381773798175,-0.898518156119867
-1.110092299016213,-0.895739723685255
-1.103802824234252,-0.892925858149568
-1.097513349452290,-0.890076670821906
-1.091223874670329,-0.887192274408604
-1.084934399888367,-0.884272783008778
-1.078644925106405,-0.881318312109807
-1.072355450324444,-0.878328978582769
-1.066065975542482,-0.875304900677813
-1.059776500760521,-0.872246198019486
-1.053487025978559,-0.869152991601999
-1.047197551196598,-0.866025403784439
-1.040908076414636,-0.862863558285931
-1.034618601632675,-0.859667580180745
-1.028329126850713,-0.856437595893346
-1.022039652068752,-0.853173733193393
-1.015750177286790,-0.849876121190686
-1.009460702504828,-0.846544890330061
-1.003171227722867,-0.843180172386222
-0.996881752940905,-0.839782100458540
-0.990592278158944,-0.836350808965776
-0.984302803376982,-0.832886433640773
-0.978013328595021,-0.829389111525083
-0.971723853813059,-0.825858980963543
-0.965434379031098,-0.822296181598809
-0.959144904249136,-0.818700854365828
-0.952855429467175,-0.815073141486262
-0.946565954685213,-0.811413186462866
-0.940276479903251,-0.807721134073807
-0.933987005121290,-0.803997130366941
-0.927697530339328,-0.800241322654032
-0.921408055557367,-0.796453859504929
-0.915118580775405,-0.792634890741685
-0.908829105993444,-0.788784567432631
-0.902539631211482,-0.784903041886404
-0.896250156429521,-0.780990467645917
-0.889960681647559,-0.777046999482288
-0.883671206865597,-0.773072793388718
-0.877381732083636,-0.769068006574317
-0.871092257301674,-0.765032797457890
-0.864802782519713,-0.760967325661668
-0.858513307737751,-0.756871752004992
-0.852223832955790,-0.752746238497955
-0.845934358173828,-0.748590948334991
-0.839644883391867,-0.744406045888419
-0.833355408609905,-0.740191696701944
-0.827065933827944,-0.735948067484103
-0.820776459045982,-0.731675326101678
-0.814486984264020,-0.727373641573049
-0.808197509482059,-0.723043184061509
-0.801908034700097,-0.718684124868538
-0.795618559918136,-0.714296636427021
-0.789329085136174,-0.709880892294429
-0.783039610354213,-0.705437067145953
-0.776750135572251,-0.700965336767597
-0.770460660790290,-0.696465878049222
-0.764171186008328,-0.691938868977546
-0.757881711226367,-0.687384488629110
-0.751592236444405,-0.682802917163189
-0.745302761662443,-0.678194335814666
-0.739013286880482,-0.673558926886866
-0.732723812098520,-0.668896873744340
-0.726434337316559,-0.664208360805614
-0.720144862534597,-0.659493573535896
-0.713855387752636,-0.654752698439735
-0.707565912970674,-0.649985923053647
-0.701276438188713,-0.645193435938693
-0.694986963406751,-0.640375426673026
-0.688697488624790,-0.635532085844384
-0.682408013842828,-0.630663605042557
-0.676118539060866,-0.625770176851806
-0.669829064278905,-0.620851994843244
-0.663539589496943,-0.615909253567180
-0.657250114714982,-0.610942148545423
-0.650960639933020,-0.605950876263548
-0.644671165151059,-0.600935634163123
-0.638381690369097,-0.595896620633898
-0.632092215587136,-0.590834035005958
-0.625802740805174,-0.585748077541839
-0.619513266023212,-0.580638949428606
-0.613223791241251,-0.575506852769890
-0.606934316459289,-0.570351990577901
-0.600644841677328,-0.565174566765393
-0.594355366895366,-0.559974786137595
-0.588065892113405,-0.554752854384117
-0.581776417331443,-0.549508978070806
-0.575486942549482,-0.544243364631579
-0.569197467767520,-0.538956222360216
-0.562907992985559,-0.533647760402122
-0.556618518203597,-0.528318188746051
-0.550329043421635,-0.522967718215802
-0.544039568639674,-0.517596560461878
-0.537750093857712,-0.512204927953114
-0.531460619075751,-0.506793033968273
-0.525171144293789,-0.501361092587606
-0.518881669511828,-0.495909318684389
-0.512592194729866,-0.490437927916421
-0.506302719947905,-0.484947136717488
-0.500013245165943,-0.479437162288810
-0.493723770383982,-0.473908222590443
-0.487434295602020,-0.468360536332661
-0.481144820820058,-0.462794322967299
-0.474855346038097,-0.457209802679079
-0.468565871256135,-0.451607196376895
-0.462276396474174,-0.445986725685076
-0.455986921692212,-0.440348612934619
-0.449697446910251,-0.434693081154396
-0.443407972128289,-0.429020354062326
-0.437118497346328,-0.423330656056534
-0.430829022564366,-0.417624212206467
-0.424539547782404,-0.411901248243993
-0.418250073000443,-0.406161990554472
-0.411960598218481,-0.400406666167804
-0.405671123436520,-0.394635502749441
-0.399381648654558,-0.388848728591387
-0.393092173872597,-0.383046572603168
-0.386802699090635,-0.377229264302770
-0.380513224308674,-0.371397033807568
-0.374223749526712,-0.365550111825219
-0.367934274744751,-0.359688729644536
-0.361644799962789,-0.353813119126339
-0.355355325180827,-0.347923512694284
-0.349065850398866,-0.342020143325669
-0.342776375616904,-0.336103244542216
-0.336486900834943,-0.330173050400837
-0.330197426052981,-0.324229795484371
-0.323907951271020,-0.318273714892309
-0.317618476489058,-0.312305044231489
-0.311329001707097,-0.306324019606783
-0.305039526925135,-0.300330877611750
-0.298750052143174,-0.294325855319282
-0.292460577361212,-0.288309190272222
-0.286171102579250,-0.282281120473972
-0.279881627797289,-0.276241884379074
-0.273592153015327,-0.270191720883782
-0.267302678233366,-0.264130869316606
-0.261013203451404,-0.258059569428850
-0.254723728669443,-0.251978061385125
-0.248434253887481,-0.245886585753850
-0.242144779105520,-0.239785383497736
-0.235855304323558,-0.233674695964252
-0.229565829541597,-0.227554764876082
-0.223276354759635,-0.221425832321559
-0.216986879977673,-0.215288140745090
-0.210697405195712,-0.209141932937567
-0.204407930413750,-0.202987452026761
-0.198118455631789,-0.196824941467705
-0.191828980849827,-0.190654645033065
-0.185539506067866,-0.184476806803492
-0.179250031285904,-0.178291671157976
-0.172960556503943,-0.172099482764169
-0.166671081721981,-0.165900486568713
-0.160381606940019,-0.159694927787549
-0.154092132158058,-0.153483051896216
-0.147802657376096,-0.147265104620141
-0.141513182594135,-0.141041331924919
-0.135223707812173,-0.134811980006584
-0.128934233030212,-0.128577295281869
-0.122644758248250,-0.122337524378457
-0.116355283466289,-0.116092914125230
-0.110065808684327,-0.109843711542500
-0.103776333902366,-0.103590163832239
-0.097486859120404,-0.097332518368303
-0.091197384338442,-0.091071022686641
-0.084907909556481,-0.084805924475509
-0.078618434774519,-0.078537471565670
-0.072328959992558,-0.072265911920587
-0.066039485210596,-0.065991493626621
-0.059750010428635,-0.059714464883210
-0.053460535646673,-0.053435073993057
-0.047171060864712,-0.047153569352306
-0.040881586082750,-0.040870199440712
-0.034592111300789,-0.034585212811817
-0.028302636518827,-0.028298858083118
-0.022013161736865,-0.022011383926228
-0.015723686954904,-0.015723039057041
-0.009434212172942,-0.009434072225897
-0.003144737390981,-0.003144732207736
0.003144737390981,0.003144732207736
0.009434212172942,0.009434072225897
0.015723686954904,0.015723039057041
0.022013161736865,0.022011383926228
0.028302636518827,0.028298858083118
0.034592111300789,0.034585212811817
0.040881586082750,0.040870199440712
0.047171060864712,0.047153569352306
0.053460535646673,0.053435073993057
0.059750010428635,0.059714464883210
0.066039485210596,0.065991493626621
0.072328959992558,0.072265911920587
0.078618434774519,0.078537471565670
0.084907909556481,0.084805924475509
0.091197384338442,0.091071022686641
0.097486859120404,0.097332518368303
0.103776333902366,0.103590163832239
0.110065808684327,0.109843711542500
0.116355283466289,0.116092914125230
0.122644758248250,0.122337524378457
0.128934233030212,0.128577295281869
0.135223707812173,0.134811980006584
0.141513182594135,0.141041331924919
0.147802657376096,0.147265104620141
0.154092132158058,0.153483051896216
0.160381606940019,0.159694927787549
0.166671081721981,0.165900486568713
0.172960556503943,0.172099482764169
0.179250031285904,0.178291671157976
0.185539506067866,0.184476806803492
0.191828980849827,0.190654645033065
0.198118455631789,0.196824941467705
0.204407930413750,0.202987452026761
0.210697405195712,0.209141932937567
0.216986879977673,0.215288140745090
0.223276354759635,0.221425832321559
0.229565829541597,0.227554764876082
0.235855304323558,0.233674695964252
0.242144779105520,0.239785383497736
0.248434253887481,0.245886585753850
0.254723728669443,0.251978061385125
0.261013203451404,0.258059569428850
0.267302678233366,0.264130869316606
0.273592153015327,0.270191720883782
0.279881627797289,0.276241884379074
0.286171102579250,0.282281120473972
0.292460577361212,0.288309190272222
0.298750052143174,0.294325855319282
0.305039526925135,0.300330877611750
0.311329001707097,0.306324019606783
0.317618476489058,0.312305044231489
0.323907951271020,0.318273714892309
0.330197426052981,0.324229795484371
0.336486900834943,0.330173050400837
0.342776375616904,0.336103244542216
0.349065850398866,0.342020143325669
0.355355325180827,0.347923512694284
0.361644799962789,0.353813119126339
0.367934274744751,0.359688729644536
0.374223749526712,0.365550111825219
0.380513224308674,0.371397033807568
0.386802699090635,0.377229264302770
0.393092173872597,0.383046572603168
0.399381648654558,0.388848728591387
0.405671123436520,0.394635502749441
0.411960598218481,0.400406666167804
0.418250073000443,0.406161990554472
0.424539547782404,0.411901248243993
0.430829022564366,0.417624212206467
0.437118497346328,0.423330656056534
0.443407972128289,0.429020354062326
0.449697446910251,0.434693081154396
0.455986921692212,0.440348612934619
0.462276396474174,0.445986725685076
0.468565871256135,0.451607196376895
0.474855346038097,0.457209802679079
0.481144820820058,0.462794322967299
0.487434295602020,0.468360536332661
0.493723770383982,0.473908222590443
0.500013245165943,0.479437162288810
0.506302719947905,0.484947136717488
0.512592194729866,0.490437927916421
0.518881669511828,0.495909318684389
0.525171144293789,0.501361092587606
0.531460619075751,0.506793033968273
0.537750093857712,0.512204927953114
0.544039568639674,0.517596560461878
0.550329043421635,0.522967718215802
0.556618518203597,0.528318188746051
0.562907992985559,0.533647760402122
0.569197467767520,0.538956222360216
0.575486942549482,0.544243364631579
0.581776417331443,0.549508978070806
0.588065892113405,0.554752854384117
0.594355366895366,0.559974786137595
0.600644841677328,0.565174566765393
0.606934316459289,0.570351990577901
0.613223791241251,0.575506852769890
0.619513266023212,0.580638949428606
0.625802740805174,0.585748077541839
0.632092215587136,0.590834035005958
0.638381690369097,0.595896620633898
0.644671165151059,0.600935634163123
0.650960639933020,0.605950876263548
0.657250114714982,0.610942148545423
0.663539589496943,0.615909253567180
0.669829064278905,0.620851994843244
0.676118539060866,0.625770176851806
0.682408013842828,0.630663605042557
0.688697488624790,0.635532085844384
0.694986963406751,0.640375426673026
0.701276438188713,0.645193435938693
0.707565912970674,0.649985923053647
0.713855387752636,0.654752698439735
0.720144862534597,0.659493573535896
0.726434337316559,0.664208360805614
0.732723812098520,0.668896873744340
0.739013286880482,0.673558926886866
0.745302761662443,0.678194335814666
0.751592236444405,0.682802917163189
0.757881711226367,0.687384488629110
0.764171186008328,0.691938868977546
0.770460660790290,0.696465878049222
0.776750135572251,0.700965336767597
0.783039610354213,0.705437067145953
0.789329085136174,0.709880892294429
0.795618559918136,0.714296636427021
0.801908034700097,0.718684124868538
0.808197509482059,0.723043184061509
0.814486984264020,0.727373641573049
0.820776459045982,0.731675326101678
0.827065933827944,0.735948067484103
0.833355408609905,0.740191696701944
0.839644883391867,0.744406045888419
0.845934358173828,0.748590948334991
0.852223832955790,0.752746238497955
0.858513307737751,0.756871752004992
0.864802782519713,0.760967325661668
0.871092257301674,0.765032797457890
0.877381732083636,0.769068006574317
0.883671206865597,0.773072793388718
0.889960681647559,0.777046999482288
0.896250156429521,0.780990467645917
0.902539631211482,0.784903041886404
0.908829105993444,0.788784567432631
0.915118580775405,0.792634890741685
0.921408055557367,0.796453859504929
0.927697530339328,0.800241322654032
0.933987005121290,0.803997130366941
0.940276479903251,0.807721134073807
0.946565954685213,0.811413186462866
0.952855429467175,0.815073141486262
0.959144904249136,0.818700854365828
0.965434379031098,0.822296181598809
0.971723853813059,0.825858980963543
0.978013328595021,0.829389111525083
0.984302803376982,0.832886433640773
0.990592278158944,0.836350808965776
0.996881752940905,0.839782100458540
1.003171227722867,0.843180172386222
1.009460702504828,0.846544890330061
1.015750177286790,0.849876121190686
1.022039652068752,0.853173733193393
1.028329126850713,0.856437595893346
1.034618601632675,0.859667580180745
1.040908076414636,0.862863558285931
1.047197551196598,0.866025403784439
1.053487025978559,0.869152991601999
1.059776500760521,0.872246198019486
1.066065975542482,0.875304900677813
1.072355450324444,0.878328978582769
1.078644925106405,0.881318312109807
1.084934399888367,0.884272783008778
1.091223874670329,0.887192274408604
1.097513349452290,0.890076670821906
1.103802824234252,0.892925858149568
1.110092299016213,0.895739723685255
1.116381773798175,0.898518156119867
1.122671248580136,0.901261045545945
1.128960723362098,0.903968283462016
1.135250198144059,0.906639762776889
1.141539672926021,0.909275377813888
1.147829147707983,0.911875024315034
1.154118622489944,0.914438599445166
1.160408097271906,0.916966001796013
1.166697572053867,0.919457131390205
1.172987046835829,0.921911889685225
1.179276521617790,0.924330179577308
1.185565996399752,0.926711905405285
1.191855471181713,0.929056972954363
1.198144945963675,0.931365289459854
1.204434420745636,0.933636763610846
1.210723895527598,0.935871305553812
1.217013370309560,0.938068826896166
1.223302845091521,0.940229240709759
1.229592319873483,0.942352461534319
1.235881794655444,0.944438405380829
1.242171269437406,0.946486989734852
1.248460744219367,0.948498133559795
1.254750219001329,0.950471757300112
1.261039693783290,0.952407782884451
1.267329168565252,0.954306133728749
1.273618643347213,0.956166734739251
1.279908118129175,0.957989512315489
1.286197592911137,0.959774394353189
1.292487067693098,0.961521310247125
1.298776542475060,0.963230190893913
1.305066017257021,0.964900968694739
1.311355492038983,0.966533577558041
1.317644966820944,0.968127952902119
1.323934441602906,0.969684031657688
1.330223916384867,0.971201752270376
1.336513391166829,0.972681054703160
1.342802865948791,0.974121880438736
1.349092340730752,0.975524172481839
1.355381815512714,0.976887875361493
1.361671290294675,0.978212935133208
1.367960765076637,0.979499299381116
1.374250239858598,0.980746917220040
1.380539714640560,0.981955739297507
1.386829189422521,0.983125717795704
1.393118664204483,0.984256806433369
1.399408138986444,0.985348960467616
1.405697613768406,0.986402136695715
1.411987088550368,0.987416293456789
1.418276563332329,0.988391390633473
1.424566038114291,0.989327389653494
1.430855512896252,0.990224253491199
1.437144987678214,0.991081946669020
1.443434462460175,0.991900435258877
1.449723937242137,0.992679686883520
1.456013412024098,0.993419670717811
1.462302886806060,0.994120357489939
1.468592361588021,0.994781719482585
1.474881836369983,0.995403730534013
1.481171311151945,0.995986366039104
1.487460785933906,0.996529602950337
1.493750260715868,0.997033419778690
1.500039735497829,0.997497796594500
1.506329210279791,0.997922715028243
1.512618685061752,0.998308158271268
1.518908159843714,0.998654111076456
1.525197634625675,0.998960559758827
1.531487109407637,0.999227492196079
1.537776584189598,0.999454897829069
1.544066058971560,0.999642767662230
1.550355533753522,0.999791094263926
1.556645008535483,0.999899871766749
1.562934483317445,0.999969095867747
1.569223958099406,0.999998763828597
1.575513432881368,0.999988874475714
1.581802907663329,0.999939428200294
1.588092382445291,0.999850426958300
1.594381857227252,0.999721874270389
1.600671332009214,0.999553775221764
1.606960806791176,0.999346136461981
1.613250281573137,0.999098966204681
1.619539756355099,0.998812274227269
1.625829231137060,0.998486071870522
1.632118705919022,0.998120372038146
1.638408180700983,0.997715189196261
1.644697655482945,0.997270539372833
1.650987130264906,0.996786440157034
1.657276605046868,0.996262910698554
1.663566079828829,0.995699971706838
1.669855554610791,0.995097645450266
1.676145029392753,0.994455955755278
1.682434504174714,0.993774928005424
1.688723978956676,0.993054589140368
1.695013453738637,0.992294967654814
1.701302928520599,0.991496093597385
1.707592403302560,0.990657998569432
1.713881878084522,0.989780715723783
1.720171352866483,0.988864279763436
1.726460827648445,0.987908726940178
1.732750302430406,0.986914095053160
1.739039777212368,0.985880423447396
1.745329251994330,0.984807753012208
1.751618726776291,0.983696126179610
1.757908201558253,0.982545586922628
1.764197676340214,0.981356180753560
1.770487151122176,0.980127954722177
1.776776625904137,0.978860957413861
1.783066100686099,0.977555238947686
1.789355575468060,0.976210850974430
1.795645050250022,0.974827846674534
1.801934525031984,0.973406280756003
1.808223999813945,0.971946209452234
1.814513474595907,0.970447690519797
1.820802949377868,0.968910783236150
1.827092424159830,0.967335548397290
1.833381898941791,0.965722048315355
1.839671373723753,0.964070346816151
1.845960848505714,0.962380509236633
1.852250323287676,0.960652602422321
1.858539798069637,0.958886694724650
1.864829272851599,0.957082855998271
1.871118747633561,0.955241157598287
1.877408222415522,0.953361672377429
1.883697697197484,0.951444474683177
1.889987171979445,0.949489640354813
1.896276646761407,0.947497246720430
1.902566121543368,0.945467372593863
1.908855596325330,0.943400098271581
1.915145071107291,0.941295505529503
1.921434545889253,0.939153677619768
1.927724020671214,0.936974699267438
1.934013495453176,0.934758656667151
1.940302970235138,0.932505637479707
1.946592445017099,0.930215730828604
1.952881919799061,0.927889027296509
1.959171394581022,0.925525618921678
1.965460869362984,0.923125599194312
1.971750344144945,0.920689063052863
1.978039818926907,0.918216106880274
1.984329293708868,0.915706828500169
1.990618768490830,0.913161327172983
1.996908243272791,0.910579703592036
2.003197718054753,0.907962059879546
2.009487192836715,0.905308499582597
2.015776667618676,0.902619127669034
2.022066142400638,0.899894050523318
2.028355617182599,0.897133375942314
2.034645091964561,0.894337213131027
2.040934566746522,0.891505672698284
2.047224041528484,0.888638866652356
2.053513516310445,0.885736908396529
2.059802991092407,0.882799912724620
2.066092465874369,0.879827995816429
2.072381940656330,0.876821275233154
2.078671415438292,0.873779869912729
2.084960890220253,0.870703900165128
2.091250365002215,0.867593487667601
2.097539839784176,0.864448755459865
2.103829314566138,0.861269827939231
2.110118789348099,0.858056830855688
2.116408264130061,0.854809891306926
2.122697738912022,0.851529137733311
2.128987213693984,0.848214699912802
2.135276688475946,0.844866708955818
2.141566163257907,0.841485297300050
2.147855638039869,0.838070598705226
2.154145112821830,0.834622748247817
2.160434587603792,0.831141882315694
2.166724062385753,0.827628138602731
2.173013537167715,0.824081656103364
2.179303011949676,0.820502575107087
2.185592486731638,0.816891037192905
2.191881961513599,0.813247185223733
2.198171436295561,0.809571163340744
2.204460911077523,0.805863116957669
2.210750385859484,0.802123192755044
2.217039860641446,0.798351538674406
2.223329335423407,0.794548303912444
2.229618810205369,0.790713638915094
2.235908284987330,0.786847695371590
2.242197759769292,0.782950626208463
2.248487234551253,0.779022585583491
2.254776709333215,0.775063728879602
2.261066184115177,0.771074212698725
2.267355658897138,0.767054194855599
2.273645133679100,0.763003834371527
2.279934608461061,0.758923291468089
2.286224083243023,0.754812727560799
2.292513558024984,0.750672305252724
2.298803032806946,0.746502188328052
2.305092507588907,0.742302541745609
2.311381982370869,0.738073531632339
2.317671457152830,0.733815325276728
2.323960931934792,0.729528091122188
2.330250406716754,0.725211998760397
2.336539881498715,0.720867218924585
2.342829356280677,0.716493923482783
2.349118831062638,0.712092285431025
2.355408305844600,0.707662478886504
2.361697780626561,0.703204679080684
2.367987255408523,0.698719062352367
2.374276730190484,0.694205806140723
2.380566204972446,0.689665088978262
2.386855679754407,0.685097090483781
2.393145154536369,0.680501991355252
2.399434629318331,0.675879973362679
2.405724104100292,0.671231219340903
2.412013578882254,0.666555913182372
2.418303053664215,0.661854239829868
2.424592528446177,0.657126385269189
2.430882003228138,0.652372536521791
2.437171478010100,0.647592881637394
2.443460952792061,0.642787609686539
2.449750427574023,0.637956910753112
2.456039902355985,0.633100975926821
2.462329377137946,0.628219997295642
2.468618851919908,0.623314167938217
2.474908326701869,0.618383681916215
2.481197801483831,0.613428734266662
2.487487276265792,0.608449520994217
2.493776751047754,0.603446239063426
2.500066225829715,0.598419086390927
2.506355700611677,0.593368261837620
2.512645175393638,0.588293965200805
2.518934650175600,0.583196397206273
2.525224124957562,0.578075759500371
2.531513599739523,0.572932254642020
2.537803074521485,0.567766086094708
2.544092549303446,0.562577458218437
2.550382024085408,0.557366576261642
2.556671498867369,0.552133646353070
2.562960973649331,0.546878875493627
2.569250448431292,0.541602471548190
2.575539923213254,0.536304643237382
2.581829397995215,0.530985600129320
2.588118872777177,0.525645552631321
2.594408347559139,0.520284711981579
2.600697822341100,0.514903290240813
2.606987297123062,0.509501500283873
2.613276771905023,0.504079555791325
2.619566246686985,0.498637671240992
2.625855721468946,0.493176061899474
2.632145196250908,0.487694943813635
2.638434671032869,0.482194533802048
2.644724145814831,0.476675049446427
2.651013620596792,0.471136709083018
2.657303095378754,0.465579731793957
2.663592570160716,0.460004337398611
2.669882044942677,0.454410746444877
2.676171519724639,0.448799180200462
2.682460994506600,0.443169860644126
2.688750469288562,0.437523010456904
2.695039944070523,0.431858853013297
2.701329418852485,0.426177612372435
2.707618893634446,0.420479513269214
2.713908368416408,0.414764781105407
2.720197843198370,0.409033641940746
2.726487317980331,0.403286322483981
2.732776792762293,0.397523050083913
2.739066267544254,0.391744052720397
2.745355742326216,0.385949558995329
2.751645217108177,0.380139798123597
2.757934691890139,0.374314999924019
2.764224166672100,0.368475394810250
2.770513641454062,0.362621213781667
2.776803116236023,0.356752688414232
2.783092591017985,0.350870050851331
2.789382065799947,0.344973533794591
2.795671540581908,0.339063370494675
2.801961015363870,0.333139794742058
2.808250490145831,0.327203040857772
2.814539964927793,0.321253343684144
2.820829439709754,0.315290938575502
2.827118914491716,0.309316061388869
2.833408389273677,0.303328948474627
2.839697864055639,0.297329836667172
2.845987338837600,0.291318963275547
2.852276813619562,0.285296566074050
2.858566288401524,0.279262883292830
2.864855763183485,0.273218153608466
2.871145237965447,0.267162616134521
2.877434712747408,0.261096510412088
2.883724187529370,0.255020076400310
2.890013662311331,0.248933554466892
2.896303137093293,0.242837185378587
2.902592611875254,0.236731210291680
2.908882086657216,0.230615870742440
2.915171561439178,0.224491408637573
2.921461036221139,0.218358066244645
2.927750511003101,0.212216086182508
2.934039985785062,0.206065711411693
2.940329460567024,0.199907185224805
2.946618935348985,0.193740751236898
2.952908410130947,0.187566653375837
2.959197884912908,0.181385135872651
2.965487359694870,0.175196443251869
2.971776834476831,0.169000820321849
2.978066309258793,0.162798512165094
2.984355784040755,0.156589764128558
2.990645258822716,0.150374821813937
2.996934733604678,0.144153931067958
3.003224208386639,0.137927337972654
3.009513683168601,0.131695288835624
3.015803157950562,0.125458030180296
3.022092632732524,0.119215808736173
3.028382107514485,0.112968871429073
3.034671582296447,0.106717465371359
3.040961057078408,0.100461837852168
3.047250531860370,0.094202236327626
3.053540006642332,0.087938908411061
3.059829481424293,0.081672101863207
3.066118956206255,0.075402064582402
3.072408430988216,0.069129044594785
3.078697905770178,0.062853290044482
3.084987380552139,0.056575049183792
3.091276855334101,0.050294570363366
3.097566330116062,0.044012102022382
3.103855804898024,0.037727892678717
3.110145279679985,0.031442190919121
3.116434754461947,0.025155245389376
3.122724229243909,0.018867304784467
3.129013704025870,0.012578617838741
3.135303178807832,0.006289433316068
3.141592653589793,-0.000000000000000
